{
    "3_Twitter": 1.5212659034396505,
    "4_Github": 1.8493727455848596,
    "5_Pharmaceutical": 4.637711815694479,
    "7_Yelp": 3.933428469496967,
    "8_VK": 1.4585664581284448,
    "12_Iceberg": 23.08973129220838,
    "13_Ember": 1.8937302969083836,
    "21_ETH": 0.7221331998670718,
    "22_GeoJSON": 5.122729879564138,
    "23_MoviesInThailand": 1.7649345736781639,
    "32_Adonisrc": 3.4824480568149707,
    "33_HelmChart": 3.3526905866618235,
    "34_Dolittle": 26.138915496387693,
    "35_Drupal": 50.05447205455828,
    "41_DeinConfig": 5.782524748999508
}